[
  {
    "model": "users.user",
    "pk": 1,
    "fields": {
      "username": "john_doe",
      "first_name": "John",
      "last_name": "Doe",
      "email": "john@example.com",
      "password": "pbkdf2_sha256$216000$demo$demo",
      "is_active": true
    }
  },
  {
    "model": "users.user",
    "pk": 2,
    "fields": {
      "username": "jane_smith",
      "first_name": "Jane",
      "last_name": "Smith",
      "email": "jane@example.com",
      "password": "pbkdf2_sha256$216000$demo$demo",
      "is_active": true
    }
  },
  {
    "model": "users.user",
    "pk": 3,
    "fields": {
      "username": "chef_max",
      "first_name": "Max",
      "last_name": "Cook",
      "email": "max@example.com",
      "password": "pbkdf2_sha256$216000$demo$demo",
      "is_active": true
    }
  },

  {
    "model": "recipes.ingredient",
    "pk": 101,
    "fields": {
      "name": "Мука",
      "measurement_unit": "г"
    }
  },
  {
    "model": "recipes.ingredient",
    "pk": 102,
    "fields": {
      "name": "Яйцо",
      "measurement_unit": "шт"
    }
  },
  {
    "model": "recipes.ingredient",
    "pk": 103,
    "fields": {
      "name": "Молоко",
      "measurement_unit": "мл"
    }
  },
  {
    "model": "recipes.ingredient",
    "pk": 104,
    "fields": {
      "name": "Сахар",
      "measurement_unit": "г"
    }
  },
  {
    "model": "recipes.ingredient",
    "pk": 105,
    "fields": {
      "name": "Соль",
      "measurement_unit": "г"
    }
  },

  {
    "model": "recipes.recipe",
    "pk": 1,
    "fields": {
      "name": "Блины",
      "text": "Вкусные блины на молоке",
      "pub_date": "2025-01-01T09:00:00Z",
      "image": "recipes/images/bliny.jpg",
      "author": 1,
      "cooking_time": 20
    }
  },
  {
    "model": "recipes.recipe",
    "pk": 2,
    "fields": {
      "name": "Омлет",
      "text": "Пышный омлет с молоком",
      "pub_date": "2025-02-15T10:30:00Z",
      "image": "recipes/images/omlet.jpg",
      "author": 2,
      "cooking_time": 10
    }
  },
  {
    "model": "recipes.recipe",
    "pk": 3,
    "fields": {
      "name": "Кекс",
      "text": "Домашний кекс с сахаром",
      "pub_date": "2025-03-20T08:00:00Z",
      "image": "recipes/images/keks.jpg",
      "author": 3,
      "cooking_time": 45
    }
  },
  {
    "model": "recipes.recipe",
    "pk": 4,
    "fields": {
      "name": "Картофельное пюре",
      "text": "Нежное пюре с маслом",
      "pub_date": "2025-04-01T09:00:00Z",
      "image": "recipes/images/puree.jpg",
      "author": 1,
      "cooking_time": 30
    }
  },
  {
    "model": "recipes.recipe",
    "pk": 5,
    "fields": {
      "name": "Куриный суп",
      "text": "Классический куриный суп с овощами",
      "pub_date": "2025-04-02T10:00:00Z",
      "image": "recipes/images/soup.jpg",
      "author": 2,
      "cooking_time": 40
    }
  },
  {
    "model": "recipes.recipe",
    "pk": 6,
    "fields": {
      "name": "Сэндвич с сыром",
      "text": "Простой сэндвич с расплавленным сыром",
      "pub_date": "2025-04-03T11:00:00Z",
      "image": "recipes/images/sandwich.jpg",
      "author": 3,
      "cooking_time": 5
    }
  },
  {
    "model": "recipes.recipe",
    "pk": 7,
    "fields": {
      "name": "Салат свежий",
      "text": "Свежий овощной салат",
      "pub_date": "2025-04-04T08:00:00Z",
      "image": "recipes/images/salad.jpg",
      "author": 1,
      "cooking_time": 10
    }
  },
  {
    "model": "recipes.recipe",
    "pk": 8,
    "fields": {
      "name": "Макароны с сыром",
      "text": "Простой рецепт макарон с сыром",
      "pub_date": "2025-04-05T09:00:00Z",
      "image": "recipes/images/macncheese.jpg",
      "author": 2,
      "cooking_time": 15
    }
  },

  {
    "model": "recipes.recipeingredient",
    "pk": 1,
    "fields": {
      "recipe": 1,
      "ingredient": 101,
      "amount": 250
    }
  },
  {
    "model": "recipes.recipeingredient",
    "pk": 2,
    "fields": {
      "recipe": 1,
      "ingredient": 102,
      "amount": 2
    }
  },
  {
    "model": "recipes.recipeingredient",
    "pk": 3,
    "fields": {
      "recipe": 1,
      "ingredient": 103,
      "amount": 400
    }
  },
  {
    "model": "recipes.recipeingredient",
    "pk": 4,
    "fields": {
      "recipe": 2,
      "ingredient": 102,
      "amount": 3
    }
  },
  {
    "model": "recipes.recipeingredient",
    "pk": 5,
    "fields": {
      "recipe": 2,
      "ingredient": 103,
      "amount": 100
    }
  },
  {
    "model": "recipes.recipeingredient",
    "pk": 6,
    "fields": {
      "recipe": 3,
      "ingredient": 101,
      "amount": 300
    }
  },
  {
    "model": "recipes.recipeingredient",
    "pk": 7,
    "fields": {
      "recipe": 3,
      "ingredient": 104,
      "amount": 100
    }
  },
  {
    "model": "recipes.recipeingredient",
    "pk": 8,
    "fields": {
      "recipe": 3,
      "ingredient": 105,
      "amount": 5
    }
  },

  {
    "model": "recipes.favorite",
    "pk": 1,
    "fields": {
      "user": 1,
      "recipe": 3
    }
  },
  {
    "model": "recipes.favorite",
    "pk": 2,
    "fields": {
      "user": 2,
      "recipe": 1
    }
  },

  {
    "model": "recipes.shoppingcart",
    "pk": 1,
    "fields": {
      "user": 1,
      "recipe": 1
    }
  },
  {
    "model": "recipes.shoppingcart",
    "pk": 2,
    "fields": {
      "user": 2,
      "recipe": 2
    }
  },
  {
    "model": "recipes.shoppingcart",
    "pk": 3,
    "fields": {
      "user": 3,
      "recipe": 1
    }
  },
  {
    "model": "recipes.ingredient",
    "pk": 106,
    "fields": {
      "name": "Картофель",
      "measurement_unit": "г"
    }
  },
  {
    "model": "recipes.ingredient",
    "pk": 107,
    "fields": {
      "name": "Морковь",
      "measurement_unit": "г"
    }
  },
  {
    "model": "recipes.ingredient",
    "pk": 108,
    "fields": {
      "name": "Лук",
      "measurement_unit": "г"
    }
  },
  {
    "model": "recipes.ingredient",
    "pk": 109,
    "fields": {
      "name": "Курица",
      "measurement_unit": "г"
    }
  },
  {
    "model": "recipes.ingredient",
    "pk": 110,
    "fields": {
      "name": "Сливочное масло",
      "measurement_unit": "г"
    }
  },
  {
    "model": "recipes.ingredient",
    "pk": 111,
    "fields": {
      "name": "Сыр",
      "measurement_unit": "г"
    }
  },
  {
    "model": "recipes.ingredient",
    "pk": 112,
    "fields": {
      "name": "Хлеб",
      "measurement_unit": "ломтик"
    }
  },
  {
    "model": "recipes.ingredient",
    "pk": 113,
    "fields": {
      "name": "Томат",
      "measurement_unit": "шт"
    }
  },
  {
    "model": "recipes.ingredient",
    "pk": 114,
    "fields": {
      "name": "Огурец",
      "measurement_unit": "шт"
    }
  },
  {
    "model": "recipes.ingredient",
    "pk": 115,
    "fields": {
      "name": "Макароны",
      "measurement_unit": "г"
    }
  },

  {
    "model": "recipes.recipeingredient", "pk": 9, "fields": {"recipe": 4, "ingredient": 106, "amount": 500}
  },
  {
    "model": "recipes.recipeingredient", "pk": 10, "fields": {"recipe": 4, "ingredient": 110, "amount": 50}
  },
  {
    "model": "recipes.recipeingredient", "pk": 11, "fields": {"recipe": 5, "ingredient": 109, "amount": 300}
  },
  {
    "model": "recipes.recipeingredient", "pk": 12, "fields": {"recipe": 5, "ingredient": 107, "amount": 100}
  },
  {
    "model": "recipes.recipeingredient", "pk": 13, "fields": {"recipe": 5, "ingredient": 108, "amount": 50}
  },
  {
    "model": "recipes.recipeingredient", "pk": 14, "fields": {"recipe": 6, "ingredient": 112, "amount": 2}
  },
  {
    "model": "recipes.recipeingredient", "pk": 15, "fields": {"recipe": 6, "ingredient": 111, "amount": 100}
  },
  {
    "model": "recipes.recipeingredient", "pk": 16, "fields": {"recipe": 7, "ingredient": 113, "amount": 1}
  },
  {
    "model": "recipes.recipeingredient", "pk": 17, "fields": {"recipe": 7, "ingredient": 114, "amount": 1}
  },
  {
    "model": "recipes.recipeingredient", "pk": 18, "fields": {"recipe": 7, "ingredient": 105, "amount": 2}
  },
  {
    "model": "recipes.recipeingredient", "pk": 19, "fields": {"recipe": 8, "ingredient": 115, "amount": 250}
  },
  {
    "model": "recipes.recipeingredient", "pk": 20, "fields": {"recipe": 8, "ingredient": 111, "amount": 150}
  },

  {
    "model": "recipes.favorite", "pk": 3, "fields": {"user": 3, "recipe": 6}
  },
  {
    "model": "recipes.favorite", "pk": 4, "fields": {"user": 1, "recipe": 5}
  },

  {
    "model": "recipes.shoppingcart", "pk": 4, "fields": {"user": 1, "recipe": 4}
  },
  {
    "model": "recipes.shoppingcart", "pk": 5, "fields": {"user": 2, "recipe": 6}
  },
  {
    "model": "recipes.shoppingcart", "pk": 6, "fields": {"user": 3, "recipe": 5}
  }
]
